{
  "roc_auc": 0.9338949999999999,
  "pr_auc": 0.9518094021542327,
  "confusion_matrix": [
    [
      950,
      50
    ],
    [
      173,
      827
    ]
  ],
  "classification_report": {
    "Fake": {
      "precision": 0.8459483526268923,
      "recall": 0.95,
      "f1-score": 0.8949599623174753,
      "support": 1000.0
    },
    "Real": {
      "precision": 0.942987457240593,
      "recall": 0.827,
      "f1-score": 0.8811933937133724,
      "support": 1000.0
    },
    "accuracy": 0.8885,
    "macro avg": {
      "precision": 0.8944679049337426,
      "recall": 0.8885,
      "f1-score": 0.8880766780154239,
      "support": 2000.0
    },
    "weighted avg": {
      "precision": 0.8944679049337426,
      "recall": 0.8885,
      "f1-score": 0.8880766780154238,
      "support": 2000.0
    }
  }
}