{"accuracy": [0.5525000095367432], "auc": [0.5345624685287476], "loss": [0.9053778648376465], "precision": [0.5512195229530334], "recall": [0.5649999976158142], "val_accuracy": [0.6399999856948853], "val_auc": [0.7380000352859497], "val_loss": [0.695818305015564], "val_precision": [0.6029411554336548], "val_recall": [0.8199999928474426], "learning_rate": [0.00019999999494757503]}