{"accuracy": 0.5699999928474426, "auc": 0.6179999709129333, "loss": 0.8008052110671997, "precision": 0.5538461804389954, "recall": 0.7200000286102295}